{
    "QCDHT_2000toInf_2018": {
        "Low_Threshold": 0.04399999976158142,
        "High_Threshold": 0.004000000189989805
    },
    "QCDHT_1500to2000_2018": {
        "Low_Threshold": 0.04399999976158142,
        "High_Threshold": 0.012000000104308128
    },
    "QCDHT_1000to1500_2018": {
        "Low_Threshold": 0.07199999690055847,
        "High_Threshold": 0.02800000086426735
    },
    "QCDHT_700to1000_2018": {
        "Low_Threshold": 0.15199999511241913,
        "High_Threshold": 0.06400000303983688
    },
    "QCDHT_500to700_2018": {
        "Low_Threshold": 0.18799999356269836,
        "High_Threshold": 0.09200000017881393
    },
    "QCDHT_300to500_2018": {
        "Low_Threshold": 0.00800000037997961,
        "High_Threshold": 0.019999999552965164
    },
    "TT_hadr_2018": {
        "Low_Threshold": 0.2280000001192093,
        "High_Threshold": 0.08799999952316284,
        "High_Efficiency": 0.7553444180522565,
        "Low_Efficiency": 0.3125
    },
    "TT_semilep_2018": {
        "Low_Threshold": 0.4560000002384186,
        "High_Threshold": 0.2720000147819519,
        "High_Efficiency": 0.6731751048624106,
        "Low_Efficiency": 0.2627150667170497
    },
    "TT_Mtt1000toInf_2018": {
        "Low_Threshold": 0.23999999463558197,
        "High_Threshold": 0.13199999928474426,
        "High_Efficiency": 0.8901125533055251,
        "Low_Efficiency": 0.2506045758978739
    },
    "TT_Mtt700to1000_2018": {
        "Low_Threshold": 0.3840000033378601,
        "High_Threshold": 0.23600000143051147,
        "High_Efficiency": 0.7803032093074824,
        "Low_Efficiency": 0.21922523311846798
    },
    "ZJetsToNuNu_HT200to400_2018": {
        "Low_Threshold": 0.24400000274181366,
        "High_Threshold": 0.2280000001192093
    },
    "ZJetsToNuNu_HT400to600_2018": {
        "Low_Threshold": 0.1599999964237213,
        "High_Threshold": 0.12800000607967377
    },
    "ZJetsToNuNu_HT600to800_2018": {
        "Low_Threshold": 0.11999999731779099,
        "High_Threshold": 0.08399999886751175
    },
    "ZJetsToNuNu_HT800to1200_2018": {
        "Low_Threshold": 0.07199999690055847,
        "High_Threshold": 0.03200000151991844
    },
    "ZJetsToNuNu_HT1200to2500_2018": {
        "Low_Threshold": 0.04399999976158142,
        "High_Threshold": 0.012000000104308128
    },
    "ZJetsToNuNu_HT2500toInf_2018": {
        "Low_Threshold": 0.052000001072883606,
        "High_Threshold": 0.004000000189989805
    },
    "TprimeToTZ_1800_2018": {
        "Low_Threshold": 0.10400000214576721,
        "High_Threshold": 0.06400000303983688,
        "High_Efficiency": 0.8931871325115213,
        "Low_Efficiency": 0.10300364077669903
    },
    "TprimeToTZ_1000_2018": {
        "Low_Threshold": 0.18000000715255737,
        "High_Threshold": 0.14800000190734863,
        "High_Efficiency": 0.890250887845114,
        "Low_Efficiency": 0.11989518757589314
    },
    "TprimeToTZ_700_2018": {
        "Low_Threshold": 0.2919999957084656,
        "High_Threshold": 0.20800000429153442,
        "High_Efficiency": 0.7855928601784955,
        "Low_Efficiency": 0.2980637904715996
    },
    "meta_info": {
        "data_names": [
            "QCDHT_2000toInf_2018",
            "QCDHT_1500to2000_2018",
            "QCDHT_1000to1500_2018",
            "QCDHT_700to1000_2018",
            "QCDHT_500to700_2018",
            "QCDHT_300to500_2018",
            "TT_hadr_2018",
            "TT_semilep_2018",
            "TT_Mtt1000toInf_2018",
            "TT_Mtt700to1000_2018",
            "ZJetsToNuNu_HT200to400_2018",
            "ZJetsToNuNu_HT400to600_2018",
            "ZJetsToNuNu_HT600to800_2018",
            "ZJetsToNuNu_HT800to1200_2018",
            "ZJetsToNuNu_HT1200to2500_2018",
            "ZJetsToNuNu_HT2500toInf_2018",
            "TprimeToTZ_1800_2018",
            "TprimeToTZ_1000_2018",
            "TprimeToTZ_700_2018"
        ],
        "lowhigh": [
            "Low_Threshold",
            "High_Threshold"
        ]
    }
}